{"cameraMode":{"drawMode":0,"name":"Shaded","section":"Shading Mode"},"sceneLighting":true,"audioPlay":false,"sceneViewState":{"m_AlwaysRefresh":false,"showFog":true,"showSkybox":true,"showFlares":true,"showImageEffects":true,"showParticleSystems":true,"showVisualEffectGraphs":true,"m_FxEnabled":true},"in2DMode":false,"pivot":{"x":-3.099539279937744,"y":1.0086593627929688,"z":5.873782634735107},"rotation":{"x":0.017925823107361795,"y":0.978702187538147,"z":-0.1799241006374359,"w":0.09750641137361527},"size":0.7938569784164429,"orthographic":false}